id,text,label
AMB_000,현장에서는 업그레이드 계획이 공개됐지만 세부는 추후 공지된다.,ambiguous
AMB_001,관측에 따르면 규정 개정안에 대해 토론이 이어지고 있다 는 평가가 나온다.,ambiguous
AMB_002,품질 점검가 시행됐고 결과는 더 지켜봐야 한다 라는 의견도 있다.,ambiguous
AMB_003,초기 설문에선 긍정과 부정이 비슷하게 나타났다.,ambiguous
AMB_004,변경된 절차가 편의성과 복잡성을 동시에 가져왔다 라는 분석이 함께 제시됐다.,ambiguous
AMB_005,규정 개정안에 대해 토론이 이어지고 있다 는 평가가 나온다.,ambiguous
AMB_006,관측에 따르면 현 단계에선 긍정과 부정을 단정하기 어렵다는 반응이다 가능성이 제기됐다.,ambiguous
AMB_007,현장 적합성 검토가 병행되고 있다 라는 의견도 있다.,ambiguous
AMB_008,지표 신뢰구간이 넓어 해석에 주의가 요구된다 라는 관측이 나온다.,ambiguous
AMB_009,성과 지표 재정의가 필요하다는 의견이 나왔다 가능성이 제기됐다.,ambiguous
AMB_010,현장에서는 사용성 평가 결과가 공개됐지만 해석은 신중하다.,ambiguous
AMB_011,현장에서는 파일럿 프로젝트의 다음 단계가 논의되고 있으나 확정되진 않았다.,ambiguous
AMB_012,초기 평가에 따르면 공동 연구 범위가 재조정될 수 있다.,ambiguous
AMB_013,외부 변수에 따라 결과가 달라질 수 있다 는 평가가 나온다.,ambiguous
AMB_014,현장에서는 향후 일정은 유동적이라는 설명이다.,ambiguous
AMB_015,여러 보고에 따르면 관련 부서 간 협의가 계속되고 있다 지켜볼 필요가 있다.,ambiguous
AMB_016,관측에 따르면 플랫폼 개편 후 활용 방식이 달라지고 있다 는 평가가 나온다.,ambiguous
AMB_017,현장에서는 평가 프레임 재설계가 논의 중이다 는 평가가 나온다.,ambiguous
AMB_018,현장에서는 포털 개편 후 활용 방식이 달라지고 있다 라는 의견도 있다.,ambiguous
AMB_019,절차 변경이 효율성과 부담을 동시에 가져왔다는 지적이다.,ambiguous
AMB_020,우선 적용 대상 선정이 필요하다.,ambiguous
AMB_021,일각에서는 규정 개정안에 대해 토론이 이어지고 있다 라는 의견도 있다.,ambiguous
AMB_022,일부에서는 초점이 실행보다는 준비에 맞춰져 있다.,ambiguous
AMB_023,여러 보고에 따르면 데이터 변화가 있었으나 의미는 추가 검토가 필요하다 라는 의견도 있다.,ambiguous
AMB_024,여러 보고에 따르면 일부 지표는 개선됐지만 다른 항목은 그대로다 라는 분석이 함께 제시됐다.,ambiguous
AMB_025,운영자의 발언이 여러 해석을 낳고 있다.,ambiguous
AMB_026,현장에서는 절차 변경이 효율성과 부담을 동시에 가져왔다는 지적이다.,ambiguous
AMB_027,공급 관련 시그널이 혼재되어 있다 는 평가가 나온다.,ambiguous
AMB_028,초기 평가에 따르면 성명 내용이 포괄적이어서 구체화가 필요하다.,ambiguous
AMB_029,일각에서는 개선안 후보가 다수 제시됐다 라는 분석이 함께 제시됐다.,ambiguous
AMB_030,여러 보고에 따르면 외부 변수에 따라 결과가 달라질 수 있다 라는 관측이 나온다.,ambiguous
AMB_031,관련 부서 간 협의가 계속되고 있다 는 평가가 나온다.,ambiguous
AMB_032,관측에 따르면 공개 시연 이후 분위기가 달라졌다는 평가가 나온다 가능성이 제기됐다.,ambiguous
AMB_033,예약 시스템 개편 후 활용 방식이 달라지고 있다.,ambiguous
AMB_034,기술자은(는) 신중한 접근이 필요하다고 언급했다.,ambiguous
AMB_035,현장에서는 도입 효과가 조직마다 다를 수 있다 라는 의견도 있다.,ambiguous
AMB_036,참여자 의견 수렴이 진행되며 방향성이 모색되고 있다 라는 관측이 나온다.,ambiguous
AMB_037,여러 보고에 따르면 사후 평가 계획이 마련되고 있다.,ambiguous
AMB_038,효과 크기 추정에 불확실성이 남아 있다 라는 관측이 나온다.,ambiguous
AMB_039,초기 평가는 엇갈렸고 추가 자료가 요구된다.,ambiguous
AMB_040,사후 평가 계획이 마련되고 있다 라는 관측이 나온다.,ambiguous
AMB_041,파일럿 프로젝트 범위가 재조정될 수 있다.,ambiguous
AMB_042,초기 평가에 따르면 참여자 의견 수렴이 진행되며 방향성이 모색되고 있다 라는 의견도 있다.,ambiguous
AMB_043,초기 평가에 따르면 추적 관찰이 계획되고 있다.,ambiguous
AMB_044,관측에 따르면 공지 내용이 포괄적이어서 구체화가 필요하다 라는 관측이 나온다.,ambiguous
AMB_045,일부에서는 분석 결과 신뢰구간이 넓어 해석에 주의가 요구된다 지켜볼 필요가 있다.,ambiguous
AMB_046,여러 보고에 따르면 단계적 적용이 검토되고 있다 는 평가가 나온다.,ambiguous
AMB_047,가이드라인의 실제 효과를 평가하려면 시간이 더 필요하다.,ambiguous
AMB_048,일부에서는 공급 지표가 변동했으나 추세는 불확실하다 가능성이 제기됐다.,ambiguous
AMB_049,현장에서는 업그레이드 계획이 공개됐지만 세부는 추후 공지된다 는 평가가 나온다.,ambiguous
AMB_050,규정 개정안에 대해 토론이 이어지고 있다 라는 관측이 나온다.,ambiguous
AMB_051,일각에서는 지표 간 상충이 관찰되어 조정이 요구된다.,ambiguous
AMB_052,일각에서는 참여자 의견 수렴이 진행되며 방향성이 모색되고 있다 라는 의견도 있다.,ambiguous
AMB_053,일각에서는 관계자들은 추이를 지켜보겠다는 입장이다 라는 관측이 나온다.,ambiguous
AMB_054,추적 관찰이 계획되고 있다.,ambiguous
AMB_055,평가 프레임 재설계가 논의 중이다 라는 의견도 있다.,ambiguous
AMB_056,시장 지표가 변동했으나 추세는 불확실하다 지켜볼 필요가 있다.,ambiguous
AMB_057,일각에서는 향후 일정은 유동적이라는 설명이다 가능성이 제기됐다.,ambiguous
AMB_058,현 단계에선 긍정과 부정을 단정하기 어렵다는 반응이다 라는 관측이 나온다.,ambiguous
AMB_059,일각에서는 연구원은(는) 신중한 접근이 필요하다고 언급했다.,ambiguous
AMB_060,현장에서는 초기 데이터가 나왔으나 결론을 내리긴 이르다.,ambiguous
AMB_061,관측에 따르면 초안 공개 후 피드백이 수집되는 중이다.,ambiguous
AMB_062,일부에서는 개선안 후보가 다수 제시됐다 지켜볼 필요가 있다.,ambiguous
AMB_063,관련 부서 간 협의가 계속되고 있다.,ambiguous
AMB_064,여러 보고에 따르면 현장 반응이 지역에 따라 다르게 보고되고 있다 라는 분석이 함께 제시됐다.,ambiguous
AMB_065,여러 보고에 따르면 절차 변경이 효율성과 부담을 동시에 가져왔다는 지적이다.,ambiguous
AMB_066,초기 평가에 따르면 단계적 적용이 검토되고 있다 라는 관측이 나온다.,ambiguous
AMB_067,개선안 후보가 다수 제시됐다 는 평가가 나온다.,ambiguous
AMB_068,현장 반응이 지역에 따라 다르게 보고되고 있다 라는 분석이 함께 제시됐다.,ambiguous
AMB_069,단계적 적용이 검토되고 있다 라는 관측이 나온다.,ambiguous
AMB_070,우선 적용 대상 선정이 필요하다 지켜볼 필요가 있다.,ambiguous
AMB_071,기술자의 발언이 여러 해석을 낳고 있다 라는 분석이 함께 제시됐다.,ambiguous
AMB_072,초기 평가에 따르면 버전 업그레이드 이후 사용자 의견이 분분하다.,ambiguous
AMB_073,현장에서는 현장 반응이 지역에 따라 다르게 보고되고 있다 라는 의견도 있다.,ambiguous
AMB_074,현장에서는 평가 프레임 재설계가 논의 중이다 지켜볼 필요가 있다.,ambiguous
AMB_075,초기 평가에 따르면 관련 부서 간 협의가 계속되고 있다.,ambiguous
AMB_076,여러 보고에 따르면 포털 개편에 대해 장단점이 동시에 언급된다 가능성이 제기됐다.,ambiguous
AMB_077,지표 간 상충이 관찰되어 조정이 요구된다 라는 의견도 있다.,ambiguous
AMB_078,외부 자문을 통해 보완책이 검토되고 있다.,ambiguous
AMB_079,초기 평가에 따르면 플랫폼 개편에 대해 장단점이 동시에 언급된다 지켜볼 필요가 있다.,ambiguous
AMB_080,일각에서는 개발자들은(는) 추후 결과를 보고 방향을 정하겠다고 밝혔다 라는 관측이 나온다.,ambiguous
AMB_081,관측에 따르면 절차 변경이 효율성과 부담을 동시에 가져왔다는 지적이다.,ambiguous
AMB_082,우선 적용 대상 선정이 필요하다 라는 의견도 있다.,ambiguous
AMB_083,요건 해석 차이로 적용 방식이 달라질 수 있다 지켜볼 필요가 있다.,ambiguous
AMB_084,현장 적합성 검토가 병행되고 있다 라는 분석이 함께 제시됐다.,ambiguous
AMB_085,현장에서는 외부 변수에 따라 결과가 달라질 수 있다 지켜볼 필요가 있다.,ambiguous
AMB_086,현장에서는 일부 지표는 개선됐지만 다른 항목은 그대로다.,ambiguous
AMB_087,일부에서는 업그레이드 계획이 공개됐지만 세부는 추후 공지된다 지켜볼 필요가 있다.,ambiguous
AMB_088,일부에서는 업그레이드 계획이 공개됐지만 세부는 추후 공지된다.,ambiguous
AMB_089,현장 적합성 검토가 병행되고 있다.,ambiguous
AMB_090,변수 영향이 교차해 단일 요인으로 보기 어렵다 라는 의견도 있다.,ambiguous
AMB_091,현장 반응이 지역에 따라 다르게 보고되고 있다 지켜볼 필요가 있다.,ambiguous
AMB_092,초기 설문에선 긍정과 부정이 비슷하게 나타났다 지켜볼 필요가 있다.,ambiguous
AMB_093,조사단은(는) 추후 결과를 보고 방향을 정하겠다고 밝혔다 는 평가가 나온다.,ambiguous
AMB_094,평가 프레임 재설계가 논의 중이다 라는 관측이 나온다.,ambiguous
AMB_095,향후 일정은 유동적이라는 설명이다.,ambiguous
AMB_096,개선 조치의 실제 효과를 평가하려면 시간이 더 필요하다 라는 관측이 나온다.,ambiguous
AMB_097,초기 데이터가 나왔으나 결론을 내리긴 이르다 지켜볼 필요가 있다.,ambiguous
AMB_098,정례 점검 결과가 다음 회의에서 논의될 예정이다 라는 의견도 있다.,ambiguous
AMB_099,초기 평가에 따르면 결제 시스템 개편 후 활용 방식이 달라지고 있다 라는 관측이 나온다.,ambiguous
AMB_100,여러 보고에 따르면 선호가 집단별로 나뉘는 양상이다 는 평가가 나온다.,ambiguous
AMB_101,일각에서는 운영자은(는) 신중한 접근이 필요하다고 언급했다.,ambiguous
AMB_102,초기 평가에 따르면 시범 사업의 영향이 제한적인지 여부를 두고 의견이 갈린다 라는 관측이 나온다.,ambiguous
AMB_103,추적 관찰이 계획되고 있다 라는 의견도 있다.,ambiguous
AMB_104,관측에 따르면 초기 설문에선 긍정과 부정이 비슷하게 나타났다 라는 의견도 있다.,ambiguous
AMB_105,사후 평가 계획이 마련되고 있다 가능성이 제기됐다.,ambiguous
AMB_106,일각에서는 절차 변경이 효율성과 부담을 동시에 가져왔다는 지적이다 가능성이 제기됐다.,ambiguous
AMB_107,요건 해석 차이로 적용 방식이 달라질 수 있다 가능성이 제기됐다.,ambiguous
AMB_108,일부에서는 일부 지표는 개선됐지만 다른 항목은 그대로다 가능성이 제기됐다.,ambiguous
AMB_109,개선 작업의 영향이 제한적인지 여부를 두고 의견이 갈린다.,ambiguous
AMB_110,여러 보고에 따르면 정례 점검 결과가 다음 회의에서 논의될 예정이다 라는 분석이 함께 제시됐다.,ambiguous
AMB_111,초기 평가에 따르면 초기 데이터가 나왔으나 결론을 내리긴 이르다.,ambiguous
AMB_112,초기 평가에 따르면 기준 개정안에 대해 토론이 이어지고 있다.,ambiguous
AMB_113,초기 평가에 따르면 파일럿 결과가 본격 도입과 다를 수 있다는 지적이다 가능성이 제기됐다.,ambiguous
AMB_114,워크숍 이후 분위기가 달라졌다는 평가가 나온다 라는 관측이 나온다.,ambiguous
AMB_115,여러 보고에 따르면 관계자들은 추이를 지켜보겠다는 입장이다.,ambiguous
AMB_116,초기 평가에 따르면 선호가 집단별로 나뉘는 양상이다.,ambiguous
AMB_117,현장 반응이 지역에 따라 다르게 보고되고 있다.,ambiguous
AMB_118,정례 점검 결과가 다음 회의에서 논의될 예정이다.,ambiguous
AMB_119,대표의 발언이 여러 해석을 낳고 있다 라는 의견도 있다.,ambiguous
AMB_120,부하 테스트에서 관찰된 차이를 두고 해석이 분분하다.,ambiguous
AMB_121,일부에서는 개선 조치의 실제 효과를 평가하려면 시간이 더 필요하다 라는 관측이 나온다.,ambiguous
AMB_122,일부에서는 변경된 절차가 편의성과 복잡성을 동시에 가져왔다 는 평가가 나온다.,ambiguous
AMB_123,평가 프레임 재설계가 논의 중이다.,ambiguous
AMB_124,일부에서는 플랫폼 개편 후 활용 방식이 달라지고 있다 라는 의견도 있다.,ambiguous
AMB_125,현장에서는 공급 지표가 변동했으나 추세는 불확실하다 라는 의견도 있다.,ambiguous
AMB_126,결제 시스템 개편에 대해 장단점이 동시에 언급된다 라는 의견도 있다.,ambiguous
AMB_127,일부에서는 현 단계에선 긍정과 부정을 단정하기 어렵다는 반응이다 라는 분석이 함께 제시됐다.,ambiguous
AMB_128,일부에서는 현장 반응이 지역에 따라 다르게 보고되고 있다.,ambiguous
AMB_129,여러 보고에 따르면 초기 설문에선 긍정과 부정이 비슷하게 나타났다 라는 분석이 함께 제시됐다.,ambiguous
AMB_130,여러 보고에 따르면 전문가은(는) 신중한 접근이 필요하다고 언급했다 가능성이 제기됐다.,ambiguous
AMB_131,일부에서는 테스트 일정이 조정되며 준비 과정이 재점검되고 있다.,ambiguous
AMB_132,초기 평가에 따르면 성과 지표 재정의가 필요하다는 의견이 나왔다.,ambiguous
AMB_133,배포 이후 사용자 의견이 분분하다 지켜볼 필요가 있다.,ambiguous
AMB_134,일부 항목은 개선됐으나 다른 항목은 변함없다 는 평가가 나온다.,ambiguous
AMB_135,현장에서는 현장 적합성 검토가 병행되고 있다 가능성이 제기됐다.,ambiguous
AMB_136,여러 보고에 따르면 규정 개정안에 대해 토론이 이어지고 있다 라는 분석이 함께 제시됐다.,ambiguous
AMB_137,일각에서는 외부 자문을 통해 보완책이 검토되고 있다 지켜볼 필요가 있다.,ambiguous
AMB_138,정례 점검 결과가 다음 회의에서 논의될 예정이다 가능성이 제기됐다.,ambiguous
AMB_139,참여자 의견 수렴이 진행되며 방향성이 모색되고 있다 가능성이 제기됐다.,ambiguous
AMB_140,초기 평가에 따르면 현 단계에선 긍정과 부정을 단정하기 어렵다는 반응이다.,ambiguous
AMB_141,사후 평가 계획이 마련되고 있다 는 평가가 나온다.,ambiguous
AMB_142,업데이트 노트 내용이 포괄적이어서 구체화가 필요하다.,ambiguous
AMB_143,관측에 따르면 포털 개편 후 활용 방식이 달라지고 있다.,ambiguous
AMB_144,여러 보고에 따르면 절차 변경이 효율성과 부담을 동시에 가져왔다는 지적이다 라는 의견도 있다.,ambiguous
AMB_145,여러 보고에 따르면 지표 간 상충이 관찰되어 조정이 요구된다 라는 관측이 나온다.,ambiguous
AMB_146,정례 점검 결과가 다음 회의에서 논의될 예정이다 라는 관측이 나온다.,ambiguous
AMB_147,현장에서는 테스트 캠페인의 영향이 제한적인지 여부를 두고 의견이 갈린다.,ambiguous
AMB_148,추적 관찰이 계획되고 있다 가능성이 제기됐다.,ambiguous
AMB_149,여러 보고에 따르면 시범 사업이(가) 일정대로 진행 중이나 세부는 조정 중이다.,ambiguous
AMB_150,변경된 절차가 편의성과 복잡성을 동시에 가져왔다 라는 의견도 있다.,ambiguous
AMB_151,현장에서는 효과 크기 추정에 불확실성이 남아 있다 라는 관측이 나온다.,ambiguous
AMB_152,필수 요건 충족 여부가 쟁점으로 떠올랐다 라는 분석이 함께 제시됐다.,ambiguous
AMB_153,일각에서는 파일럿 결과가 본격 도입과 다를 수 있다는 지적이다.,ambiguous
AMB_154,초기 평가에 따르면 개선 조치가 시행됐고 결과는 더 지켜봐야 한다.,ambiguous
AMB_155,일각에서는 관련 문서가 업데이트되며 세부가 바뀔 예정이다 라는 분석이 함께 제시됐다.,ambiguous
AMB_156,지표 간 상충이 관찰되어 조정이 요구된다.,ambiguous
AMB_157,사용성 평가 결과가 공개됐지만 해석은 신중하다 라는 관측이 나온다.,ambiguous
AMB_158,일각에서는 연구시설별로 체감 변화가 다르게 보고되고 있다 가능성이 제기됐다.,ambiguous
AMB_159,포털 개편에 대해 장단점이 동시에 언급된다.,ambiguous
AMB_160,변경된 절차가 편의성과 복잡성을 동시에 가져왔다 가능성이 제기됐다.,ambiguous
AMB_161,새로운 기준가 도입되며 기대와 우려가 공존한다 가능성이 제기됐다.,ambiguous
AMB_162,관측에 따르면 관련 부서 간 협의가 계속되고 있다 가능성이 제기됐다.,ambiguous
AMB_163,일부에서는 지표 간 상충이 관찰되어 조정이 요구된다 라는 관측이 나온다.,ambiguous
AMB_164,일부에서는 부하 테스트에서 관찰된 차이를 두고 해석이 분분하다.,ambiguous
AMB_165,현장에서는 일부 지표는 개선됐지만 다른 항목은 그대로다 지켜볼 필요가 있다.,ambiguous
AMB_166,현장에서는 공급 관련 시그널이 혼재되어 있다.,ambiguous
AMB_167,통계 신뢰구간이 넓어 해석에 주의가 요구된다.,ambiguous
AMB_168,초기 평가에 따르면 초안 공개 후 피드백이 수집되는 중이다 지켜볼 필요가 있다.,ambiguous
AMB_169,절차 개정안에 대해 토론이 이어지고 있다 라는 분석이 함께 제시됐다.,ambiguous
AMB_170,성과 지표 재정의가 필요하다는 의견이 나왔다.,ambiguous
AMB_171,테스트 캠페인의 영향이 제한적인지 여부를 두고 의견이 갈린다.,ambiguous
AMB_172,공급 지표가 변동했으나 추세는 불확실하다 라는 분석이 함께 제시됐다.,ambiguous
AMB_173,향후 일정은 유동적이라는 설명이다 라는 분석이 함께 제시됐다.,ambiguous
AMB_174,일각에서는 배포 이후 사용자 의견이 분분하다 가능성이 제기됐다.,ambiguous
AMB_175,수요 지표가 변동했으나 추세는 불확실하다.,ambiguous
AMB_176,플랫폼 개편 후 활용 방식이 달라지고 있다 라는 의견도 있다.,ambiguous
AMB_177,일부 항목은 개선됐으나 다른 항목은 변함없다 라는 의견도 있다.,ambiguous
AMB_178,여러 보고에 따르면 필수 요건 충족 여부가 쟁점으로 떠올랐다 지켜볼 필요가 있다.,ambiguous
AMB_179,현장에서는 단계적 적용이 검토되고 있다 라는 분석이 함께 제시됐다.,ambiguous
AMB_180,현장에서는 행사 일정이 조정되며 준비 과정이 재점검되고 있다 라는 의견도 있다.,ambiguous
AMB_181,결제 시스템 개편 후 활용 방식이 달라지고 있다 라는 분석이 함께 제시됐다.,ambiguous
AMB_182,보안 시스템 개편 후 활용 방식이 달라지고 있다 는 평가가 나온다.,ambiguous
AMB_183,일부에서는 개선안 후보가 다수 제시됐다 라는 관측이 나온다.,ambiguous
AMB_184,운영팀 내부에서도 우선순위를 두고 논의가 진행 중이다.,ambiguous
AMB_185,내부 시범 운용 결과가 공유될 예정이다.,ambiguous
AMB_186,여러 보고에 따르면 변수 영향이 교차해 단일 요인으로 보기 어렵다.,ambiguous
AMB_187,현장에서는 수요 지표가 변동했으나 추세는 불확실하다 가능성이 제기됐다.,ambiguous
AMB_188,외부 변수에 따라 결과가 달라질 수 있다 라는 의견도 있다.,ambiguous
AMB_189,현장에서는 필수 요건 충족 여부가 쟁점으로 떠올랐다 는 평가가 나온다.,ambiguous
AMB_190,일각에서는 관련 부서 간 협의가 계속되고 있다 는 평가가 나온다.,ambiguous
AMB_191,수요 관련 시그널이 혼재되어 있다 라는 분석이 함께 제시됐다.,ambiguous
AMB_192,일각에서는 평가 프레임 재설계가 논의 중이다 는 평가가 나온다.,ambiguous
AMB_193,여러 보고에 따르면 초기 데이터가 나왔으나 결론을 내리긴 이르다 라는 의견도 있다.,ambiguous
AMB_194,행사 이후 분위기가 달라졌다는 평가가 나온다 지켜볼 필요가 있다.,ambiguous
AMB_195,선호가 집단별로 나뉘는 양상이다.,ambiguous
AMB_196,초기 평가에 따르면 초기 설문에선 긍정과 부정이 비슷하게 나타났다.,ambiguous
AMB_197,현장에서는 버전 업그레이드 계획이 공유됐지만 적용 범위는 미정이다 라는 관측이 나온다.,ambiguous
AMB_198,분석 결과 신뢰구간이 넓어 해석에 주의가 요구된다 라는 의견도 있다.,ambiguous
AMB_199,여러 보고에 따르면 앱 개편 후 활용 방식이 달라지고 있다 지켜볼 필요가 있다.,ambiguous
AMB_200,현장에서는 거래량 관련 시그널이 혼재되어 있다 라는 의견도 있다.,ambiguous
AMB_201,현장에서는 평가 프레임 재설계가 논의 중이다.,ambiguous
AMB_202,일부에서는 알고리즘 업데이트 시점에 대해 여러 시나리오가 거론된다.,ambiguous
AMB_203,초기 평가에 따르면 데이터 신뢰구간이 넓어 해석에 주의가 요구된다.,ambiguous
AMB_204,우선 적용 대상 선정이 필요하다 라는 관측이 나온다.,ambiguous
AMB_205,보안 시스템 개편에 대해 장단점이 동시에 언급된다 는 평가가 나온다.,ambiguous
AMB_206,현장에서는 설명회 이후 분위기가 달라졌다는 평가가 나온다.,ambiguous
AMB_207,평가 프레임 재설계가 논의 중이다 지켜볼 필요가 있다.,ambiguous
AMB_208,대표은(는) 신중한 접근이 필요하다고 언급했다.,ambiguous
AMB_209,초기 평가에 따르면 성과 지표 재정의가 필요하다는 의견이 나왔다 라는 관측이 나온다.,ambiguous
AMB_210,도입 효과가 조직마다 다를 수 있다 는 평가가 나온다.,ambiguous
AMB_211,일각에서는 사후 평가 계획이 마련되고 있다 라는 분석이 함께 제시됐다.,ambiguous
AMB_212,행사 이후 분위기가 달라졌다는 평가가 나온다 가능성이 제기됐다.,ambiguous
AMB_213,여러 보고에 따르면 일부 지표는 개선됐지만 다른 항목은 그대로다.,ambiguous
AMB_214,새로운 절차가 도입되며 기대와 우려가 공존한다 가능성이 제기됐다.,ambiguous
AMB_215,지표 간 상충이 관찰되어 조정이 요구된다 는 평가가 나온다.,ambiguous
AMB_216,일각에서는 절차 변경이 효율성과 부담을 동시에 가져왔다는 지적이다.,ambiguous
AMB_217,관련 부서 간 협의가 계속되고 있다 라는 의견도 있다.,ambiguous
AMB_218,테스트 이후 분위기가 달라졌다는 평가가 나온다 라는 분석이 함께 제시됐다.,ambiguous
AMB_219,관측에 따르면 조사단은(는) 추후 결과를 보고 방향을 정하겠다고 밝혔다.,ambiguous
AMB_220,초기 평가에 따르면 도심별로 체감 변화가 다르게 보고되고 있다.,ambiguous
AMB_221,현장에서는 부하 테스트 결과가 공개됐지만 해석은 신중하다.,ambiguous
AMB_222,파일럿 결과가 본격 도입과 다를 수 있다는 지적이다.,ambiguous
AMB_223,업데이트 노트 내용이 포괄적이어서 구체화가 필요하다 라는 관측이 나온다.,ambiguous
AMB_224,관측에 따르면 지표 간 상충이 관찰되어 조정이 요구된다 라는 분석이 함께 제시됐다.,ambiguous
AMB_225,공개 시연 이후 분위기가 달라졌다는 평가가 나온다 지켜볼 필요가 있다.,ambiguous
AMB_226,현장에서는 초기 데이터가 나왔으나 결론을 내리긴 이르다 라는 의견도 있다.,ambiguous
AMB_227,일각에서는 선호가 집단별로 나뉘는 양상이다.,ambiguous
AMB_228,거래량 관련 시그널이 혼재되어 있다 지켜볼 필요가 있다.,ambiguous
AMB_229,여러 보고에 따르면 변수 영향이 교차해 단일 요인으로 보기 어렵다 라는 관측이 나온다.,ambiguous
AMB_230,여러 보고에 따르면 발표 내용이 포괄적이어서 구체화가 필요하다 라는 의견도 있다.,ambiguous
AMB_231,검증 절차가 연장될 가능성이 있다.,ambiguous
AMB_232,초기 평가에 따르면 일부 항목은 개선됐으나 다른 항목은 변함없다 는 평가가 나온다.,ambiguous
AMB_233,발표가 공개됐지만 반응은 엇갈렸다 지켜볼 필요가 있다.,ambiguous
AMB_234,초기 평가에 따르면 추가 교육의 실제 효과를 평가하려면 시간이 더 필요하다 라는 관측이 나온다.,ambiguous
AMB_235,일부에서는 내부 시범 운용 결과가 공유될 예정이다.,ambiguous
AMB_236,관측에 따르면 내부 시범 운용 결과가 공유될 예정이다.,ambiguous
AMB_237,관측에 따르면 단계적 적용이 검토되고 있다.,ambiguous
AMB_238,초기 평가에 따르면 주최 측은(는) 추후 결과를 보고 방향을 정하겠다고 밝혔다.,ambiguous
AMB_239,일각에서는 의견 불일치가 남아 추가 논의가 예고됐다.,ambiguous
AMB_240,여러 보고에 따르면 개선안 후보가 다수 제시됐다 라는 의견도 있다.,ambiguous
AMB_241,일각에서는 관계자은(는) 신중한 접근이 필요하다고 언급했다 가능성이 제기됐다.,ambiguous
AMB_242,현장에서는 외부 자문을 통해 보완책이 검토되고 있다.,ambiguous
AMB_243,일각에서는 요건 해석 차이로 적용 방식이 달라질 수 있다 라는 관측이 나온다.,ambiguous
AMB_244,필수 요건 충족 여부가 쟁점으로 떠올랐다 가능성이 제기됐다.,ambiguous
AMB_245,초기 평가에 따르면 공원별로 체감 변화가 다르게 보고되고 있다 라는 의견도 있다.,ambiguous
AMB_246,초기 평가에 따르면 동아리은(는) 추후 결과를 보고 방향을 정하겠다고 밝혔다 지켜볼 필요가 있다.,ambiguous
AMB_247,초기 평가에 따르면 개선안 후보가 다수 제시됐다.,ambiguous
AMB_248,가이드라인의 실제 효과를 평가하려면 시간이 더 필요하다 지켜볼 필요가 있다.,ambiguous
AMB_249,시범 사업의 다음 단계가 논의되고 있으나 확정되진 않았다.,ambiguous
AMB_250,일각에서는 절차 변경이 효율성과 부담을 동시에 가져왔다는 지적이다 라는 관측이 나온다.,ambiguous
AMB_251,관측에 따르면 현장 적합성 검토가 병행되고 있다 라는 분석이 함께 제시됐다.,ambiguous
AMB_252,현장에서는 절차 변경이 효율성과 부담을 동시에 가져왔다는 지적이다 지켜볼 필요가 있다.,ambiguous
AMB_253,일부 지표는 개선됐지만 다른 항목은 그대로다 가능성이 제기됐다.,ambiguous
AMB_254,일각에서는 업데이트 노트가 공개됐지만 반응은 엇갈렸다.,ambiguous
AMB_255,여러 보고에 따르면 외부 자문을 통해 보완책이 검토되고 있다 지켜볼 필요가 있다.,ambiguous
AMB_256,일각에서는 현 단계에선 긍정과 부정을 단정하기 어렵다는 반응이다.,ambiguous
AMB_257,도심별로 체감 변화가 다르게 보고되고 있다 라는 의견도 있다.,ambiguous
AMB_258,관측에 따르면 업그레이드 계획이 공개됐지만 세부는 추후 공지된다 라는 관측이 나온다.,ambiguous
AMB_259,여러 보고에 따르면 관계자의 발언이 여러 해석을 낳고 있다 라는 의견도 있다.,ambiguous
AMB_260,초기 평가에 따르면 현장 적합성 검토가 병행되고 있다.,ambiguous
AMB_261,관측에 따르면 보고서가 공개됐지만 반응은 엇갈렸다 는 평가가 나온다.,ambiguous
AMB_262,일각에서는 현장 적합성 검토가 병행되고 있다 가능성이 제기됐다.,ambiguous
AMB_263,일부에서는 데이터 신뢰구간이 넓어 해석에 주의가 요구된다 가능성이 제기됐다.,ambiguous
AMB_264,필수 요건 충족 여부가 쟁점으로 떠올랐다.,ambiguous
AMB_265,일부 지표는 개선됐지만 다른 항목은 그대로다 라는 분석이 함께 제시됐다.,ambiguous
AMB_266,데이터 변화가 있었으나 의미는 추가 검토가 필요하다.,ambiguous
AMB_267,일부에서는 단계적 적용이 검토되고 있다 라는 분석이 함께 제시됐다.,ambiguous
AMB_268,여러 보고에 따르면 필수 요건 충족 여부가 쟁점으로 떠올랐다.,ambiguous
AMB_269,현장에서는 새로운 절차가 도입되며 기대와 우려가 공존한다 라는 분석이 함께 제시됐다.,ambiguous
AMB_270,관측에 따르면 시장 관련 시그널이 혼재되어 있다.,ambiguous
AMB_271,관계자들은 추이를 지켜보겠다는 입장이다.,ambiguous
AMB_272,현장에서는 사용성 평가 결과가 공개됐지만 해석은 신중하다 라는 의견도 있다.,ambiguous
AMB_273,일부에서는 정례 점검 결과가 다음 회의에서 논의될 예정이다 지켜볼 필요가 있다.,ambiguous
AMB_274,외부 변수에 따라 결과가 달라질 수 있다 라는 분석이 함께 제시됐다.,ambiguous
AMB_275,일부에서는 사후 평가 계획이 마련되고 있다 라는 의견도 있다.,ambiguous
AMB_276,의료진은(는) 추후 결과를 보고 방향을 정하겠다고 밝혔다 라는 의견도 있다.,ambiguous
AMB_277,성과 지표 재정의가 필요하다는 의견이 나왔다 라는 분석이 함께 제시됐다.,ambiguous
AMB_278,초기 평가에 따르면 부하 테스트에서 관찰된 차이를 두고 해석이 분분하다 가능성이 제기됐다.,ambiguous
AMB_279,초기 평가에 따르면 현장 적합성 검토가 병행되고 있다 지켜볼 필요가 있다.,ambiguous
AMB_280,일각에서는 공개 시연 이후 분위기가 달라졌다는 평가가 나온다.,ambiguous
AMB_281,단계적 적용이 검토되고 있다 가능성이 제기됐다.,ambiguous
AMB_282,초기 평가에 따르면 외부 자문을 통해 보완책이 검토되고 있다 라는 의견도 있다.,ambiguous
AMB_283,설명회 일정이 조정되며 준비 과정이 재점검되고 있다 는 평가가 나온다.,ambiguous
AMB_284,관측에 따르면 데이터 신뢰구간이 넓어 해석에 주의가 요구된다 지켜볼 필요가 있다.,ambiguous
AMB_285,여러 보고에 따르면 사후 평가 계획이 마련되고 있다 라는 분석이 함께 제시됐다.,ambiguous
AMB_286,초기 설문에선 긍정과 부정이 비슷하게 나타났다 라는 의견도 있다.,ambiguous
AMB_287,보고서 내용이 포괄적이어서 구체화가 필요하다 는 평가가 나온다.,ambiguous
AMB_288,관련 문서가 업데이트되며 세부가 바뀔 예정이다.,ambiguous
AMB_289,관측에 따르면 외부 변수에 따라 결과가 달라질 수 있다.,ambiguous
AMB_290,현장에서는 의견 불일치가 남아 추가 논의가 예고됐다 라는 의견도 있다.,ambiguous
AMB_291,초기 평가에 따르면 대안 비교표가 제시됐지만 선택은 보류됐다.,ambiguous
AMB_292,여러 보고에 따르면 효과 크기 추정에 불확실성이 남아 있다.,ambiguous
AMB_293,여러 보고에 따르면 외부 변수에 따라 결과가 달라질 수 있다.,ambiguous
AMB_294,추가 교육가 시행됐고 결과는 더 지켜봐야 한다 라는 의견도 있다.,ambiguous
AMB_295,여러 보고에 따르면 성능 시험 결과가 공개됐지만 해석은 신중하다 지켜볼 필요가 있다.,ambiguous
AMB_296,일각에서는 업그레이드 계획이 공개됐지만 세부는 추후 공지된다 지켜볼 필요가 있다.,ambiguous
AMB_297,일부에서는 도심별로 체감 변화가 다르게 보고되고 있다 지켜볼 필요가 있다.,ambiguous
AMB_298,대안 비교표가 제시됐지만 선택은 보류됐다.,ambiguous
AMB_299,초기 설문에선 긍정과 부정이 비슷하게 나타났다 는 평가가 나온다.,ambiguous
